epoch,accuracy,loss,val_accuracy,val_loss
0,0.5875706076622009,1.2668813467025757,0.31168830394744873,135.8270721435547
1,0.6723163723945618,1.1337785720825195,0.6363636255264282,11.842140197753906
